,experiment,hour,device_make,yes,day,platform_os_5.0,platform_os_6.0
2,1,12,4,0,3,0,1
16,1,8,13,1,2,0,1
20,1,22,13,0,1,0,1
23,0,18,43,1,6,0,1
27,0,7,13,0,0,0,1
39,1,12,13,0,0,0,1
45,0,7,13,1,0,0,1
46,1,20,19,0,3,0,1
48,0,7,13,0,0,0,1
56,1,6,13,0,0,0,1
62,0,7,24,0,0,0,1
65,1,5,65,1,4,0,1
80,1,13,25,0,4,0,1
89,1,20,13,1,3,0,1
95,1,13,13,0,6,0,1
99,0,12,87,0,1,0,1
100,0,8,13,1,2,0,1
101,0,7,42,0,0,0,1
109,1,22,13,0,4,0,1
118,0,13,64,1,4,0,1
128,1,3,76,1,2,0,1
135,1,11,13,0,3,0,1
141,1,19,13,0,0,0,1
144,1,12,13,1,3,0,1
157,0,7,13,1,5,0,1
160,0,7,72,0,0,0,1
162,0,7,5,1,0,0,1
192,1,1,13,1,4,0,1
201,0,10,13,1,6,0,1
223,1,0,13,0,3,0,1
225,1,13,66,0,4,0,1
226,0,11,13,1,2,0,1
240,0,15,13,0,6,0,1
241,1,13,13,1,6,0,1
244,1,20,13,1,6,0,1
249,0,7,13,1,0,0,1
253,0,11,13,0,3,0,1
258,1,20,68,0,3,0,1
259,1,17,94,0,5,0,1
267,1,7,13,1,0,0,1
282,1,13,13,1,6,0,1
292,1,13,13,1,6,0,1
299,1,11,103,0,4,0,1
300,0,7,13,0,0,0,1
301,1,14,13,1,6,0,1
305,1,14,13,1,3,0,1
310,0,2,68,1,3,0,1
323,1,19,68,0,2,0,1
335,0,7,13,0,0,0,1
352,0,6,13,1,6,0,1
355,1,15,13,0,6,0,1
356,0,22,54,0,1,0,1
357,0,7,43,1,0,0,1
358,1,14,47,1,6,0,1
362,0,7,21,1,0,0,1
366,1,14,13,0,6,0,1
393,1,0,46,1,2,0,1
401,1,17,13,1,3,0,1
404,1,8,13,0,0,0,1
415,1,12,66,0,0,0,1
418,0,7,66,1,0,0,1
422,0,7,1,0,0,0,1
430,1,8,13,1,6,0,1
434,0,12,13,0,4,0,1
438,0,7,13,1,0,0,1
439,1,0,54,0,4,0,1
447,1,6,13,0,4,0,1
466,0,7,33,0,0,0,1
471,1,22,13,0,4,0,1
475,0,7,72,0,0,0,1
484,1,20,48,1,4,0,1
486,0,7,13,0,0,0,1
488,0,7,68,1,0,0,1
510,0,7,13,0,0,0,1
514,0,0,13,1,3,0,1
527,0,4,13,1,4,0,1
529,0,7,13,0,3,0,1
549,1,6,13,1,4,0,1
554,0,4,13,0,0,0,1
556,0,14,54,0,2,0,1
558,0,15,66,1,6,0,1
559,1,2,13,0,0,0,1
563,0,17,13,1,5,0,1
564,0,5,72,1,0,0,1
587,1,22,44,1,0,0,1
633,0,12,51,0,0,0,1
637,0,23,13,0,0,0,1
642,0,7,64,1,0,0,1
650,1,9,13,0,6,0,1
652,1,23,13,1,0,0,1
653,0,7,13,0,0,0,1
654,1,7,13,1,6,0,1
658,0,7,13,0,4,0,1
663,1,0,13,0,0,0,1
668,1,9,13,1,0,0,1
671,0,7,13,1,0,0,1
682,0,7,13,0,0,0,1
685,0,2,13,0,3,0,1
689,1,8,13,0,4,0,1
698,1,4,13,0,0,0,1
701,1,11,13,1,4,0,1
717,0,7,56,1,0,0,1
718,1,23,13,1,2,0,1
726,0,7,81,0,0,0,1
728,1,3,13,0,3,0,1
738,0,19,13,1,0,0,1
751,0,7,29,1,0,0,1
759,0,7,13,0,0,0,1
762,0,7,40,0,0,0,1
763,1,2,13,0,2,0,1
764,0,7,81,1,0,0,1
766,1,20,19,0,4,0,1
771,1,19,25,0,0,0,1
775,1,11,14,0,4,0,1
781,1,8,88,1,2,0,1
783,0,7,13,1,0,0,1
787,1,1,13,0,0,0,1
794,0,11,114,0,0,0,1
797,0,22,13,0,5,0,1
798,1,7,61,1,0,0,1
799,1,4,104,0,0,0,1
801,0,7,111,0,0,0,1
802,1,11,13,0,3,0,1
806,0,6,13,0,4,0,1
823,0,7,13,1,0,0,1
833,1,23,13,0,2,0,1
837,1,0,33,1,1,0,1
838,1,21,76,0,1,0,1
839,1,9,13,1,6,0,1
846,0,22,51,0,1,0,1
862,0,2,13,0,4,0,1
878,1,17,13,0,1,0,1
879,0,17,26,1,1,0,1
880,1,13,13,0,6,0,1
893,0,8,33,0,5,0,1
896,1,19,6,0,6,0,1
901,0,7,18,0,0,0,1
909,0,7,43,0,0,0,1
929,1,16,13,1,5,0,1
934,0,13,13,0,6,0,1
945,1,9,67,0,6,0,1
952,1,22,13,0,3,0,1
976,1,21,58,0,6,0,1
997,0,8,13,1,6,0,1
1005,0,7,13,1,0,0,1
1007,1,15,51,0,3,0,1
1014,1,8,13,1,2,0,1
1019,1,12,66,1,4,0,1
1038,0,7,66,1,0,0,1
1042,1,8,61,0,2,0,1
1045,1,5,13,0,4,0,1
1047,1,13,47,1,5,0,1
1054,0,18,13,1,3,0,1
1057,1,22,13,1,4,0,1
1064,1,6,68,1,2,0,1
1067,1,22,27,1,2,0,1
1070,1,8,13,0,6,0,1
1072,0,7,13,0,0,0,1
1090,1,0,13,1,0,0,1
1097,1,22,114,0,0,1,0
1111,0,7,13,0,0,0,1
1115,0,18,68,0,3,0,1
1117,0,7,64,0,2,0,1
1119,1,1,48,1,1,0,1
1133,0,17,86,1,2,0,1
1138,1,20,27,1,0,0,1
1142,0,7,73,1,0,0,1
1152,1,8,13,1,2,0,1
1161,0,7,103,0,0,0,1
1167,0,7,13,1,0,0,1
1171,0,7,13,1,0,0,1
1180,1,5,69,1,3,0,1
1186,1,21,22,0,0,0,1
1190,0,8,13,1,0,0,1
1196,1,23,13,0,4,0,1
1226,1,5,27,1,4,0,1
1231,0,7,13,0,0,0,1
1235,1,19,13,1,4,0,1
1236,1,21,13,0,3,0,1
1239,1,12,13,0,2,0,1
1252,1,20,13,1,2,0,1
1255,0,7,64,1,0,0,1
1260,1,15,13,1,4,0,1
1271,1,12,26,0,0,0,1
1272,1,10,66,0,6,0,1
1285,0,7,13,1,0,0,1
1286,0,7,13,1,0,0,1
1309,1,18,23,0,3,0,1
1312,0,21,66,0,0,0,1
1319,0,13,13,1,5,0,1
1373,1,10,62,1,6,0,1
1376,0,7,46,0,4,0,1
1378,1,12,27,0,0,0,1
1386,0,7,2,0,0,0,1
1396,1,23,13,0,0,0,1
1408,0,20,13,1,4,0,1
1418,0,15,13,1,4,0,1
1429,0,7,83,0,0,0,1
1433,1,3,41,1,0,0,1
1435,0,23,66,0,0,0,1
1437,1,13,13,1,6,0,1
1450,0,19,13,0,3,0,1
1459,0,10,13,0,4,0,1
1470,0,7,71,0,0,0,1
1475,1,8,13,0,3,0,1
1492,1,20,13,0,4,0,1
1497,0,23,13,1,0,0,1
1498,0,22,13,1,1,0,1
1514,0,7,13,0,0,0,1
1516,1,21,77,1,4,0,1
1519,1,17,13,1,4,0,1
1521,0,7,65,1,0,0,1
1522,1,2,13,1,0,0,1
1529,1,6,13,1,2,0,1
1540,0,7,72,0,0,0,1
1560,1,7,104,0,6,0,1
1571,0,7,54,0,0,0,1
1578,1,22,13,1,1,0,1
1580,1,9,21,1,6,0,1
1587,1,1,13,0,0,0,1
1591,0,7,54,1,0,0,1
1595,0,7,36,1,0,0,1
1616,1,22,90,1,3,0,1
1624,0,17,13,0,2,0,1
1632,0,11,13,0,6,0,1
1637,1,7,13,1,6,0,1
1639,1,3,13,0,5,0,1
1641,1,23,13,1,4,0,1
1664,1,6,13,1,4,0,1
1678,0,23,13,0,2,0,1
1684,0,20,13,0,2,0,1
1685,0,12,13,1,2,0,1
1689,0,17,13,0,0,0,1
1709,1,5,13,0,4,0,1
1710,1,4,13,0,3,0,1
1727,1,11,68,1,6,0,1
1728,0,20,13,0,5,0,1
1750,0,7,13,1,0,0,1
1754,1,13,94,0,5,0,1
1763,0,20,13,1,0,0,1
1766,1,7,66,1,3,0,1
1768,1,11,13,1,2,0,1
1782,1,23,13,1,0,0,1
1783,1,3,13,0,4,0,1
1788,0,12,13,0,1,0,1
1795,1,1,17,0,0,0,1
1796,0,22,60,0,3,0,1
1806,1,17,13,0,1,0,1
1815,0,17,82,0,5,0,1
1832,0,10,13,0,6,0,1
1835,1,8,42,0,6,0,1
1840,0,10,13,0,6,0,1
1841,1,7,13,0,6,0,1
1845,0,7,55,1,0,0,1
1846,0,0,26,1,0,0,1
1862,1,18,73,0,4,0,1
1867,1,0,13,0,0,0,1
1871,0,19,13,0,3,0,1
1872,1,20,5,1,0,0,1
1879,1,1,13,0,1,0,1
1880,1,21,13,0,0,0,1
1881,0,6,13,0,2,0,1
1884,1,17,71,1,1,0,1
1893,1,21,13,0,0,0,1
1894,1,1,81,0,0,0,1
1907,1,2,13,1,4,0,1
1915,1,21,13,0,2,0,1
1935,0,2,19,0,4,0,1
1943,0,7,33,1,0,0,1
1952,0,22,13,0,4,0,1
1966,0,2,12,0,0,0,1
1967,1,2,72,0,0,0,1
1972,0,2,13,1,3,0,1
1977,1,22,73,1,0,0,1
1978,0,7,13,1,0,0,1
1979,0,7,66,1,0,0,1
1988,0,10,79,0,3,0,1
1990,0,13,71,1,2,0,1
1994,1,9,13,0,3,0,1
2004,1,6,13,1,2,0,1
2018,0,2,13,0,5,0,1
2020,1,22,13,0,4,0,1
2022,1,20,68,1,4,0,1
2040,0,21,13,0,6,0,1
2046,1,14,113,1,4,0,1
2051,1,5,13,1,6,0,1
2054,0,22,13,1,2,0,1
2057,1,19,13,0,4,0,1
2068,1,11,13,0,6,0,1
2077,0,6,13,0,4,0,1
2083,0,19,13,0,3,0,1
2087,1,20,13,1,4,0,1
2092,1,5,66,0,2,0,1
2115,0,3,13,1,4,0,1
2116,0,7,13,1,0,0,1
2123,1,10,68,1,4,0,1
2125,1,2,13,1,2,0,1
2126,1,13,85,0,6,0,1
2134,1,2,13,0,3,0,1
2139,0,22,110,0,2,0,1
2145,1,10,13,0,6,0,1
2172,1,23,13,0,0,0,1
2183,1,23,13,0,1,0,1
2184,1,17,13,0,0,0,1
2187,0,4,1,1,0,0,1
2197,0,22,67,1,5,0,1
2233,1,7,39,0,6,0,1
2236,0,11,97,0,4,0,1
2238,0,20,72,1,0,0,1
2239,1,12,13,0,2,0,1
2253,1,21,68,0,1,0,1
2256,0,2,13,1,5,0,1
2263,1,8,65,0,2,0,1
2270,0,14,21,1,6,0,1
2277,0,7,13,0,0,0,1
2286,0,4,42,0,4,0,1
2287,1,4,13,0,3,0,1
2306,0,12,13,1,0,0,1
2333,0,7,13,0,0,0,1
2346,1,2,87,1,0,0,1
2347,0,7,13,0,0,0,1
2357,0,7,13,1,0,0,1
2361,0,7,13,0,0,0,1
2363,0,12,13,0,6,0,1
2364,1,12,13,0,5,0,1
2367,1,22,13,0,4,0,1
2383,1,9,75,0,5,0,1
2386,0,7,1,1,0,0,1
2387,1,22,13,0,2,0,1
2400,1,8,13,0,6,0,1
2409,0,18,13,1,0,0,1
2416,0,18,26,0,4,0,1
2417,1,2,65,0,4,0,1
2421,0,7,78,1,0,0,1
2427,1,21,21,0,3,0,1
2428,0,14,47,1,6,0,1
2440,0,7,47,1,0,0,1
2453,1,7,13,0,4,0,1
2456,1,2,73,0,0,0,1
2457,0,7,13,1,0,0,1
2465,1,0,13,1,3,0,1
2476,0,0,13,0,4,0,1
2477,1,0,13,0,4,0,1
2481,1,3,13,0,0,0,1
2485,1,8,13,1,6,0,1
2487,0,19,43,0,0,0,1
2488,1,18,13,0,2,0,1
2490,1,22,13,0,3,0,1
2502,0,7,51,0,0,0,1
2521,1,7,13,0,6,0,1
2526,1,17,13,0,0,0,1
2531,1,4,18,1,3,0,1
2537,0,22,54,1,0,0,1
2547,0,1,41,0,3,0,1
2556,0,7,13,0,0,0,1
2558,1,21,13,1,0,0,1
2563,1,22,24,0,4,0,1
2564,0,21,79,0,4,0,1
2573,1,10,70,0,6,0,1
2574,1,22,13,0,0,0,1
2585,1,20,54,1,0,0,1
2589,0,15,13,1,6,0,1
2592,0,9,13,1,5,0,1
2598,1,1,13,1,0,0,1
2600,1,17,13,0,2,0,1
2602,0,7,68,0,0,0,1
2606,1,6,27,0,4,0,1
2610,1,3,13,0,4,0,1
2614,1,9,13,1,6,0,1
2620,1,2,61,0,2,0,1
2625,0,8,46,1,0,0,1
2630,0,7,114,0,0,1,0
2631,0,7,114,0,0,1,0
2637,1,17,13,0,1,0,1
2647,0,22,72,1,6,0,1
2656,0,11,13,0,2,0,1
2660,0,7,13,0,0,0,1
2665,1,8,13,0,4,0,1
2674,1,11,68,1,5,0,1
2675,1,21,13,0,0,0,1
2681,1,8,75,1,4,0,1
2711,1,8,13,0,4,0,1
2720,0,7,13,0,0,0,1
2722,0,7,13,1,0,0,1
2731,1,23,27,1,3,0,1
2732,1,0,25,0,5,0,1
2734,1,20,13,1,1,0,1
2735,0,7,13,0,0,0,1
2744,1,2,13,1,1,0,1
2745,1,20,13,1,1,0,1
2766,1,19,13,1,0,0,1
2771,0,7,13,0,0,0,1
2778,0,7,13,0,0,0,1
2779,0,7,71,1,0,0,1
2789,1,5,13,1,3,0,1
2791,0,17,13,0,5,0,1
2799,0,5,13,0,2,0,1
2813,1,23,13,0,0,0,1
2819,0,0,105,0,1,0,1
2822,1,3,13,1,3,0,1
2826,1,4,13,0,4,0,1
2827,0,6,13,0,6,0,1
2831,1,16,13,1,2,0,1
2847,0,1,13,1,4,0,1
2854,0,7,46,1,0,0,1
2856,0,7,13,1,0,0,1
2863,1,6,13,0,0,0,1
2874,0,2,72,0,4,0,1
2880,1,22,68,0,3,0,1
2895,1,10,13,0,5,0,1
2904,1,6,13,1,6,0,1
2910,0,7,13,0,0,0,1
2915,0,3,13,1,3,0,1
2918,0,7,13,1,0,0,1
2921,1,21,13,1,4,0,1
2925,1,14,21,1,6,0,1
2928,1,7,42,0,3,0,1
2931,1,9,13,0,4,0,1
2938,0,6,13,0,0,0,1
2945,1,21,94,0,6,0,1
2947,1,7,13,1,6,0,1
2948,0,11,13,0,6,0,1
2951,0,7,13,1,0,0,1
2952,1,7,13,0,6,0,1
2958,1,23,13,1,5,0,1
2961,1,15,13,1,5,0,1
2973,1,17,72,0,5,0,1
2976,0,7,72,1,0,0,1
2978,0,23,13,0,4,0,1
2981,0,8,47,1,6,0,1
2984,0,17,13,0,2,0,1
2988,1,10,13,0,6,0,1
2989,1,3,13,0,0,0,1
2994,1,15,68,0,6,0,1
2998,0,7,13,1,0,0,1
3005,1,2,13,1,0,0,1
3015,1,18,64,1,0,0,1
3018,1,22,68,0,3,0,1
3033,1,8,13,0,2,0,1
3036,0,7,64,1,0,0,1
3037,1,22,13,1,0,0,1
3056,1,3,46,0,3,0,1
3067,1,20,13,1,2,0,1
3076,1,7,13,0,6,0,1
3090,1,20,13,0,3,0,1
3097,1,6,2,0,2,0,1
3099,1,2,13,1,2,0,1
3111,1,23,13,0,1,0,1
3113,1,23,13,1,2,0,1
3119,1,9,13,0,2,0,1
3123,0,4,13,0,2,0,1
3131,1,4,41,0,0,0,1
3135,1,8,13,0,0,0,1
3138,1,6,13,0,5,0,1
3139,0,3,66,1,2,0,1
3140,1,4,13,1,4,0,1
3145,0,5,68,0,4,0,1
3149,0,22,13,1,5,0,1
3158,1,11,13,0,2,0,1
3161,0,7,13,0,0,0,1
3166,1,13,54,0,4,0,1
3190,0,6,51,0,6,0,1
3193,0,2,68,1,4,0,1
3197,1,3,13,0,4,0,1
3213,0,7,13,1,0,0,1
3216,1,22,13,1,0,0,1
3237,1,4,13,0,0,0,1
3240,0,17,114,1,2,1,0
3246,0,7,41,1,0,0,1
3250,0,6,68,0,6,0,1
3260,1,2,72,1,3,0,1
3262,0,7,13,0,0,0,1
3271,0,6,53,1,2,0,1
3274,1,0,13,0,3,0,1
3275,0,4,13,1,4,0,1
3280,1,2,13,0,0,0,1
3286,1,3,13,0,0,0,1
3289,0,7,13,1,0,0,1
3290,0,7,24,1,0,0,1
3305,0,7,13,0,0,0,1
3314,1,22,13,0,0,0,1
3330,0,19,13,0,1,0,1
3331,0,7,13,0,0,0,1
3332,1,18,43,0,4,0,1
3334,0,7,13,0,0,0,1
3337,1,23,86,1,3,0,1
3341,1,18,13,0,2,0,1
3369,1,10,13,1,6,0,1
3372,0,21,71,0,2,0,1
3374,0,18,13,0,0,0,1
3383,1,2,93,1,1,0,1
3390,0,7,23,0,0,0,1
3404,1,13,100,1,6,0,1
3412,1,7,13,0,0,0,1
3413,1,22,13,0,0,0,1
3426,0,22,68,1,2,0,1
3433,0,7,45,1,0,0,1
3437,0,7,72,1,2,0,1
3444,0,7,72,1,0,0,1
3445,0,7,13,0,0,0,1
3448,1,2,47,0,0,0,1
3449,1,18,13,1,1,0,1
3473,1,19,66,1,3,0,1
3478,1,3,26,1,2,0,1
3487,0,14,13,1,2,0,1
3490,1,23,92,0,0,0,1
3492,1,19,13,1,6,0,1
3496,0,7,13,1,0,0,1
3499,0,10,68,1,3,0,1
3516,0,3,13,1,2,0,1
3528,0,23,13,1,5,0,1
3532,0,10,74,0,6,0,1
3537,0,7,13,1,0,0,1
3543,0,18,13,1,0,0,1
3545,1,3,13,0,3,0,1
3546,0,10,71,1,4,0,1
3565,1,2,13,0,3,0,1
3571,0,20,13,0,2,0,1
3574,0,18,73,1,3,0,1
3577,0,7,64,1,0,0,1
3581,0,7,13,1,0,0,1
3588,1,22,13,0,6,0,1
3590,1,18,13,1,1,0,1
3594,0,7,13,0,0,0,1
3596,0,0,108,1,2,0,1
3621,0,19,27,0,2,0,1
3630,0,12,13,0,2,0,1
3639,0,7,13,0,0,0,1
3642,0,8,95,0,4,0,1
3644,0,7,13,0,0,0,1
3645,0,20,76,1,1,0,1
3661,1,3,13,0,0,0,1
3665,0,13,13,0,6,0,1
3666,1,20,5,1,2,0,1
3684,0,13,5,0,6,0,1
3697,0,9,6,1,0,0,1
3700,0,19,13,0,5,0,1
3703,0,5,73,0,6,0,1
3712,0,7,64,0,0,0,1
3714,1,21,13,0,1,0,1
3722,1,18,13,1,0,0,1
3730,1,5,13,1,0,0,1
3734,1,7,13,0,2,0,1
3742,1,9,49,1,4,0,1
3747,0,7,13,1,0,0,1
3752,1,7,13,0,2,0,1
3761,1,21,13,1,4,0,1
3763,0,7,66,0,0,0,1
3770,0,6,23,1,3,0,1
3776,1,22,13,0,1,0,1
3777,1,21,13,0,1,0,1
3796,0,15,13,1,4,0,1
3805,0,13,81,0,2,0,1
3808,1,22,13,0,2,0,1
3816,0,8,13,0,0,0,1
3818,0,22,43,1,1,0,1
3825,0,7,13,1,0,0,1
3833,0,4,27,0,2,0,1
3843,1,17,114,1,3,1,0
3845,0,22,72,1,0,0,1
3848,1,7,66,0,0,0,1
3850,0,2,13,1,1,0,1
3852,1,17,26,1,2,0,1
3854,1,12,13,0,0,0,1
3862,0,12,13,0,4,0,1
3877,1,15,13,1,5,0,1
3880,1,21,13,1,0,0,1
3885,1,21,73,1,3,0,1
3886,1,11,13,0,6,0,1
3888,1,11,42,0,4,0,1
3898,1,14,66,0,6,0,1
3900,1,0,13,1,0,0,1
3903,1,9,13,1,4,0,1
3917,0,7,87,0,0,0,1
3920,1,17,73,1,0,0,1
3946,1,14,73,0,4,0,1
3957,0,1,23,0,1,0,1
3961,1,5,56,1,0,0,1
3962,0,19,13,1,2,0,1
3982,0,5,13,0,5,0,1
3986,1,21,13,0,3,0,1
3991,1,5,66,0,3,0,1
3995,0,19,2,0,3,0,1
3996,1,4,13,1,6,0,1
4005,0,9,13,1,4,0,1
4011,1,22,66,0,1,0,1
4012,0,23,13,0,2,0,1
4015,0,10,13,0,6,0,1
4016,0,9,13,1,6,0,1
4028,1,5,44,0,0,0,1
4031,1,6,68,0,5,0,1
4039,1,10,13,0,4,0,1
4048,1,19,48,0,1,0,1
4061,0,14,13,0,3,0,1
4068,0,7,13,1,6,0,1
4069,0,7,13,0,0,0,1
4070,1,23,13,1,5,0,1
4071,1,23,13,0,0,0,1
4081,0,0,13,0,5,0,1
4102,1,3,33,0,4,0,1
4104,1,15,75,0,6,0,1
4109,0,7,42,1,0,0,1
4112,0,7,50,0,0,0,1
4115,0,7,13,1,3,0,1
4124,1,5,13,0,6,0,1
4129,1,20,34,0,2,0,1
4133,0,21,13,0,0,0,1
4142,0,7,13,0,0,0,1
4145,1,2,69,1,2,0,1
4154,1,6,13,0,4,0,1
4156,0,11,13,1,6,0,1
4157,0,7,13,1,0,0,1
4164,1,20,13,1,3,0,1
4166,0,7,13,0,0,0,1
4168,0,10,43,1,6,0,1
4172,1,12,13,1,1,0,1
4207,1,6,13,1,0,0,1
4229,1,22,62,1,0,0,1
4239,1,2,13,0,4,0,1
4241,1,8,13,1,6,0,1
4243,1,17,13,0,6,0,1
4245,1,19,114,0,6,1,0
4250,1,4,13,0,4,0,1
4277,0,20,68,1,2,0,1
4285,0,23,13,0,1,0,1
4294,0,0,66,0,0,0,1
4296,0,13,13,1,4,0,1
4297,1,21,13,0,0,0,1
4303,1,21,15,1,0,0,1
4308,0,8,64,1,6,0,1
4309,0,7,13,1,0,0,1
4338,1,8,13,1,3,0,1
4340,1,7,13,1,0,0,1
4344,1,2,19,1,1,0,1
4345,1,1,13,0,0,0,1
4353,1,23,0,1,0,0,1
4355,1,6,94,0,0,0,1
4360,1,6,13,0,2,0,1
4361,1,10,81,1,4,0,1
4362,1,6,13,0,2,0,1
4363,0,7,46,0,0,0,1
4374,0,7,93,0,0,0,1
4375,1,19,13,0,4,0,1
4393,1,1,13,0,0,0,1
4401,0,21,13,1,3,0,1
4403,1,21,13,0,3,0,1
4405,0,7,47,0,6,0,1
4412,1,10,13,0,6,0,1
4415,1,2,21,1,2,0,1
4449,1,13,13,1,6,0,1
4455,1,2,13,0,2,0,1
4462,1,15,13,1,6,0,1
4463,1,23,48,0,2,0,1
4473,1,23,61,0,5,0,1
4483,0,14,13,1,4,0,1
4487,1,18,13,0,5,0,1
4490,1,7,24,1,6,0,1
4492,0,5,77,0,4,0,1
4494,0,7,48,1,0,0,1
4498,1,19,13,1,0,0,1
4501,0,7,72,0,0,0,1
4510,1,2,9,0,0,0,1
4512,1,19,13,0,1,0,1
4516,1,2,19,0,3,0,1
4529,0,3,13,0,2,0,1
4532,1,7,13,1,4,0,1
4545,1,7,13,1,0,0,1
4551,0,7,13,0,0,0,1
4553,1,1,13,0,1,0,1
4558,0,7,13,0,0,0,1
4565,1,18,13,0,3,0,1
4579,0,7,13,0,0,0,1
4581,1,19,13,1,6,0,1
4582,1,6,13,1,6,0,1
4583,0,7,68,0,0,0,1
4594,1,23,43,1,0,0,1
4598,0,7,13,1,0,0,1
4601,0,2,22,0,5,0,1
4604,1,4,59,0,6,0,1
4608,0,7,13,1,0,0,1
4609,1,6,13,1,5,0,1
4623,1,1,13,0,4,0,1
4637,1,18,13,0,1,0,1
4643,1,2,1,0,2,0,1
4648,1,1,58,0,0,0,1
4655,0,18,13,0,5,0,1
4658,1,4,13,1,5,0,1
4661,0,13,13,0,6,0,1
4673,0,18,13,1,4,0,1
4685,0,18,13,0,2,0,1
4701,1,0,13,1,0,0,1
4706,0,6,114,0,0,1,0
4710,1,4,13,0,0,0,1
4719,1,21,47,0,6,0,1
4726,0,6,13,1,4,0,1
4727,0,7,68,1,0,0,1
4729,0,4,66,1,4,0,1
4732,0,21,74,1,3,0,1
4735,0,21,13,0,0,0,1
4749,0,4,114,0,2,1,0
4765,1,14,13,0,5,0,1
4767,1,9,50,0,5,0,1
4774,0,7,75,0,0,0,1
4775,1,11,13,0,6,0,1
4783,1,14,42,1,5,0,1
4794,0,7,23,0,0,0,1
4800,1,20,13,0,2,0,1
4802,1,3,66,1,2,0,1
4809,1,3,13,0,2,0,1
4811,0,15,21,1,2,0,1
4814,0,1,83,1,4,0,1
4820,1,8,69,0,4,0,1
4830,1,6,88,1,2,0,1
4834,1,10,26,1,6,0,1
4841,1,13,13,1,5,0,1
4843,0,12,13,0,3,0,1
4845,0,7,13,0,0,0,1
4847,1,18,13,0,3,0,1
4848,1,11,13,1,2,0,1
4858,0,9,13,1,2,0,1
4863,0,22,64,1,0,0,1
4865,1,21,13,0,0,0,1
4867,0,7,68,0,0,0,1
4871,0,1,114,0,1,1,0
4878,0,7,13,1,0,0,1
4881,1,12,13,0,0,0,1
4893,0,7,13,1,0,0,1
4897,0,1,13,0,4,0,1
4898,0,1,20,1,4,0,1
4901,1,19,13,0,5,0,1
4912,1,9,61,1,6,0,1
4931,1,17,13,0,4,0,1
4947,1,6,46,0,5,0,1
4954,1,10,13,1,6,0,1
4955,0,7,68,0,0,0,1
4958,1,13,13,1,6,0,1
4975,0,18,13,1,1,0,1
4977,1,13,13,0,6,0,1
4985,0,14,13,1,3,0,1
4988,1,7,13,0,2,0,1
4991,0,17,102,0,0,0,1
5006,0,2,13,0,1,0,1
5010,0,7,13,1,0,0,1
5014,1,6,69,1,2,0,1
5018,0,20,13,1,5,0,1
5037,1,11,68,1,6,0,1
5041,0,7,13,1,0,0,1
5048,1,15,13,0,6,0,1
5051,1,20,48,0,5,0,1
5057,1,13,2,0,4,0,1
5063,1,3,13,1,2,0,1
5069,1,16,13,1,4,0,1
5074,0,21,13,0,1,0,1
5078,1,6,13,1,3,0,1
5099,0,3,52,1,2,0,1
5104,0,9,13,0,2,0,1
5109,0,7,68,0,0,0,1
5118,1,20,13,1,1,0,1
5127,0,10,13,0,6,0,1
5134,1,10,66,1,6,0,1
5138,0,7,13,1,0,0,1
5139,0,7,21,0,0,0,1
5140,1,19,109,1,0,0,1
5143,1,10,66,1,6,0,1
5148,0,23,13,1,0,0,1
5150,1,21,68,1,4,0,1
5152,1,11,13,1,6,0,1
5158,0,21,27,1,1,0,1
5159,0,4,13,0,3,0,1
5164,1,1,68,0,5,0,1
5170,1,17,13,1,0,0,1
5173,1,11,65,0,2,0,1
5176,0,7,13,1,0,0,1
5182,1,11,13,1,5,0,1
5192,1,21,38,0,3,0,1
5193,1,19,13,1,2,0,1
5202,0,3,87,0,4,0,1
5221,0,7,41,1,0,0,1
5245,1,3,13,0,5,0,1
5247,1,18,19,0,0,0,1
5248,0,19,68,1,4,0,1
5253,0,7,13,0,0,0,1
5256,0,22,13,1,2,0,1
5258,1,5,10,1,2,0,1
5268,0,7,68,1,0,0,1
5270,0,7,47,0,0,0,1
5272,0,7,13,1,0,0,1
5274,1,18,13,1,6,0,1
5278,0,23,114,1,4,1,0
5298,0,7,64,0,0,0,1
5314,1,3,13,1,0,0,1
5320,1,10,13,0,4,0,1
5322,0,3,13,0,0,0,1
5324,1,18,13,1,0,0,1
5333,1,4,13,0,0,0,1
5334,1,9,69,1,4,0,1
5340,0,19,36,1,0,0,1
5351,1,21,13,0,3,0,1
5354,0,7,13,0,0,0,1
5355,0,21,66,0,0,0,1
5360,1,15,53,1,4,0,1
5362,0,14,13,0,5,0,1
5363,0,19,13,1,3,0,1
5365,1,6,13,1,3,0,1
5373,1,0,73,1,0,0,1
5384,0,7,114,0,0,1,0
5393,1,8,13,1,6,0,1
5403,1,14,66,1,6,0,1
5404,1,6,65,0,0,0,1
5407,1,7,13,1,6,0,1
5409,1,20,13,0,4,0,1
5410,0,9,13,0,6,0,1
5413,1,4,44,0,2,0,1
5418,0,23,42,1,4,0,1
5421,0,11,42,1,6,0,1
5441,1,4,13,0,4,0,1
5456,0,7,13,1,0,0,1
5472,1,23,13,0,5,0,1
5478,1,9,13,0,6,0,1
5484,1,3,13,1,4,0,1
5488,1,5,13,0,2,0,1
5491,0,14,13,1,5,0,1
5492,0,4,21,1,0,0,1
5502,1,14,13,0,6,0,1
5507,1,19,13,0,0,0,1
5518,1,9,13,0,6,0,1
5519,0,8,67,1,3,0,1
5522,1,8,13,1,6,0,1
5525,1,19,35,0,6,0,1
5531,0,7,47,1,0,0,1
5533,1,21,13,1,6,0,1
5536,0,5,13,0,0,0,1
5543,1,4,13,0,2,0,1
5544,1,20,13,1,5,0,1
5547,1,19,13,1,3,0,1
5550,1,17,68,0,0,0,1
5556,1,2,66,0,1,0,1
5557,0,7,7,0,0,0,1
5561,1,21,30,1,2,0,1
5562,1,20,66,0,2,0,1
5564,0,7,60,0,0,0,1
5574,1,9,47,0,4,0,1
5579,0,18,13,0,1,0,1
5588,1,12,13,1,0,0,1
5608,0,3,43,1,4,0,1
5614,1,7,13,1,6,0,1
5616,0,15,72,0,6,0,1
5618,1,3,48,0,0,0,1
5624,1,5,13,1,2,0,1
5626,1,4,13,0,5,0,1
5639,1,12,13,1,0,0,1
5642,1,13,13,1,6,0,1
5644,0,7,13,0,0,0,1
5647,1,14,13,0,4,0,1
5648,0,7,13,1,0,0,1
5658,1,17,13,1,4,0,1
5662,1,21,98,1,0,0,1
5665,0,0,36,1,1,0,1
5668,0,7,69,0,0,0,1
5670,1,13,13,1,6,0,1
5684,0,7,42,1,0,0,1
5691,0,22,81,0,5,0,1
5692,0,10,13,0,4,0,1
5696,0,7,13,0,0,0,1
5705,0,6,43,0,6,0,1
5725,1,5,13,1,0,0,1
5731,1,11,13,0,6,0,1
5734,0,6,13,0,5,0,1
5738,1,4,68,1,3,0,1
5740,1,20,13,1,0,0,1
5741,0,7,13,0,0,0,1
5750,1,5,37,1,4,0,1
5764,0,23,65,0,2,0,1
5771,1,10,13,1,3,0,1
5786,1,12,72,0,5,0,1
5803,0,0,68,0,0,0,1
5809,1,6,68,1,6,0,1
5813,1,2,13,0,4,0,1
5814,1,10,87,0,6,0,1
5817,1,0,13,0,6,0,1
5821,0,5,13,1,6,0,1
5828,0,7,13,0,0,0,1
5830,1,1,97,1,5,0,1
5831,1,4,48,0,0,0,1
5841,0,7,13,0,0,0,1
5844,0,3,21,1,2,0,1
5854,1,12,13,1,0,0,1
5858,1,7,38,0,6,0,1
5866,1,0,13,0,0,0,1
5869,0,5,13,1,5,0,1
5872,0,0,48,1,4,0,1
5878,0,4,13,0,4,0,1
5895,1,9,13,0,2,0,1
5897,1,20,13,1,0,0,1
5908,0,3,93,0,6,0,1
5916,1,20,41,0,2,0,1
5918,1,18,13,0,3,0,1
5925,1,19,13,0,6,0,1
5929,0,7,47,0,0,0,1
5933,0,17,13,1,3,0,1
5938,1,0,43,1,0,0,1
5939,1,8,13,1,6,0,1
5944,1,22,13,1,4,0,1
5966,0,7,13,1,0,0,1
5968,0,7,13,0,0,0,1
5978,0,7,78,0,0,0,1
5983,1,7,13,1,3,0,1
5988,1,23,13,1,1,0,1
5993,0,20,13,0,4,0,1
5995,1,9,73,1,2,0,1
6000,0,7,13,1,0,0,1
6002,0,1,13,0,2,0,1
6004,0,7,62,0,0,0,1
6007,1,11,13,1,6,0,1
6009,0,13,13,1,2,0,1
6012,1,5,13,0,4,0,1
6023,1,15,13,0,6,0,1
6025,1,23,13,0,4,0,1
6033,1,7,13,0,0,0,1
6036,1,8,43,0,6,0,1
6040,0,7,13,0,0,0,1
6042,1,18,13,1,1,0,1
6049,1,20,69,1,2,0,1
6053,0,23,43,1,4,0,1
6056,1,2,13,1,5,0,1
6057,0,3,13,1,2,0,1
6058,1,13,13,1,4,0,1
6070,1,4,31,1,0,0,1
6072,1,12,1,1,2,0,1
6075,1,13,13,1,6,0,1
6077,1,2,71,1,0,0,1
6088,0,2,3,0,2,0,1
6093,1,22,60,1,0,0,1
6095,0,4,13,0,2,0,1
6113,0,7,13,0,0,0,1
6116,1,21,13,1,2,0,1
6119,0,11,13,0,6,0,1
6135,0,7,54,1,0,0,1
6138,0,11,13,1,5,0,1
6158,0,7,42,0,0,0,1
6163,0,9,13,0,4,0,1
6171,0,7,13,0,0,0,1
6186,1,23,13,1,4,0,1
6203,0,7,114,0,0,1,0
6209,1,22,86,1,2,0,1
6215,0,7,13,0,0,0,1
6220,0,17,13,0,0,0,1
6224,0,7,13,1,0,0,1
6225,0,7,13,0,0,0,1
6231,0,8,13,1,6,0,1
6238,1,17,13,0,0,0,1
6241,0,19,68,1,4,0,1
6250,1,5,13,1,5,0,1
6257,1,23,25,0,4,0,1
6269,1,23,13,1,0,0,1
6289,1,13,79,1,6,0,1
6290,1,17,13,0,0,0,1
6293,0,4,77,0,3,0,1
6297,0,2,64,1,5,0,1
6298,0,10,13,0,3,0,1
6307,1,4,13,1,3,0,1
6310,1,15,13,0,6,0,1
6316,0,22,13,0,4,0,1
6320,0,2,68,0,3,0,1
6334,0,5,52,0,2,0,1
6335,0,18,13,0,3,0,1
6339,0,19,13,0,6,0,1
6344,1,21,13,1,0,0,1
6354,0,2,13,1,1,0,1
6404,0,14,13,1,6,0,1
6410,0,3,114,0,2,1,0
6413,0,11,68,1,4,0,1
6416,1,23,13,1,5,0,1
6418,1,14,68,1,4,0,1
6419,0,1,33,1,0,0,1
6429,0,5,13,0,2,0,1
6431,1,8,69,1,6,0,1
6436,1,23,13,0,0,0,1
6439,1,20,13,1,1,0,1
6448,1,19,81,0,1,0,1
6474,0,11,13,0,4,0,1
6490,0,19,26,0,5,0,1
6493,0,22,65,0,3,0,1
6494,1,20,13,0,0,0,1
6497,1,5,13,1,0,0,1
6499,1,17,13,0,2,0,1
6530,0,7,64,1,0,0,1
6541,1,23,68,0,0,0,1
6542,0,7,73,0,0,0,1
6549,0,13,13,1,6,0,1
6550,0,16,104,1,6,0,1
6552,0,7,13,0,0,0,1
6568,0,7,13,0,0,0,1
6575,1,3,13,0,0,0,1
6591,1,13,13,1,2,0,1
6598,0,7,13,0,0,0,1
6621,0,17,51,0,6,0,1
6629,0,20,66,0,0,0,1
6640,0,7,13,0,6,0,1
6651,0,7,13,0,0,0,1
6654,0,23,13,1,3,0,1
6656,1,2,26,0,0,0,1
6658,1,0,16,1,4,0,1
6661,1,14,13,0,4,0,1
6668,0,9,13,0,3,0,1
6669,1,21,66,1,1,0,1
6670,1,21,13,0,2,0,1
6671,1,0,45,1,4,0,1
6675,0,7,13,0,0,0,1
6677,0,4,13,1,4,0,1
6682,0,7,52,1,0,0,1
6696,1,20,13,1,3,0,1
6700,1,10,13,1,4,0,1
6711,1,0,13,1,0,0,1
6743,1,13,13,1,4,0,1
6749,1,13,48,1,6,0,1
6752,0,8,13,1,3,0,1
6761,0,23,13,1,2,0,1
6762,1,7,34,0,6,0,1
6767,1,2,13,0,2,0,1
6773,0,23,13,1,5,0,1
6777,0,18,13,0,4,0,1
6779,0,23,54,0,1,0,1
6782,0,7,68,0,0,0,1
6813,0,7,47,0,0,0,1
6821,0,7,91,0,0,0,1
6822,0,7,13,0,0,0,1
6824,0,7,13,1,0,0,1
6833,1,6,13,1,0,0,1
6836,1,18,62,1,1,0,1
6851,1,5,28,1,0,0,1
6855,0,2,13,0,5,0,1
6859,1,2,13,0,1,0,1
6863,1,21,11,1,2,0,1
6865,1,8,13,0,6,0,1
6871,1,3,13,0,4,0,1
6874,1,15,13,0,4,0,1
6881,1,10,86,1,3,0,1
6894,0,1,66,0,3,0,1
6899,0,23,86,0,2,0,1
6904,0,7,46,0,0,0,1
6905,1,12,114,0,4,1,0
6906,0,7,13,1,0,0,1
6907,1,14,36,1,5,0,1
6919,1,1,52,1,0,0,1
6923,1,17,13,1,1,0,1
6926,1,6,43,1,3,0,1
6927,0,7,65,1,0,0,1
6942,0,8,13,1,4,0,1
6944,0,13,13,0,2,0,1
6946,1,21,13,1,5,0,1
6951,0,7,66,0,2,0,1
6954,1,22,13,0,5,0,1
6961,1,5,53,1,5,0,1
6967,1,3,53,0,2,0,1
6971,0,7,107,0,0,0,1
6973,0,4,1,0,2,0,1
6974,1,10,13,1,6,0,1
6984,1,22,13,1,0,0,1
6987,0,2,13,1,6,0,1
6988,0,13,72,0,4,0,1
7005,1,13,13,1,2,0,1
7025,1,23,13,1,1,0,1
7026,1,18,44,0,0,0,1
7033,0,3,13,1,2,0,1
7042,0,7,13,1,0,0,1
7054,0,18,13,1,2,0,1
7059,1,9,63,0,4,0,1
7069,0,14,8,1,6,0,1
7076,0,21,26,0,5,0,1
7089,0,13,106,0,2,0,1
7090,0,7,13,1,0,0,1
7092,1,10,13,0,4,0,1
7095,0,19,114,1,4,1,0
7107,0,7,52,0,0,0,1
7116,1,21,62,0,0,0,1
7117,0,14,13,1,6,0,1
7123,0,8,13,1,2,0,1
7124,0,19,13,0,0,0,1
7125,1,6,21,1,3,0,1
7127,1,2,67,1,4,0,1
7133,0,14,13,1,6,0,1
7150,0,20,13,1,0,0,1
7151,0,7,77,1,0,0,1
7152,0,19,13,0,3,0,1
7156,1,10,13,1,2,0,1
7157,1,21,97,1,6,0,1
7159,1,7,43,0,6,0,1
7163,1,5,43,0,6,0,1
7165,1,11,13,0,6,0,1
7166,0,11,68,0,6,0,1
7169,0,7,13,0,0,0,1
7192,0,7,43,0,0,0,1
7204,0,23,32,1,4,0,1
7209,1,22,13,0,3,0,1
7210,1,10,22,0,6,0,1
7215,0,21,13,1,5,0,1
7216,0,3,71,1,2,0,1
7217,0,6,13,0,2,0,1
7226,0,7,13,0,0,0,1
7227,1,22,71,1,4,0,1
7229,0,7,13,0,0,0,1
7231,1,21,13,1,6,0,1
7234,0,7,13,0,0,0,1
7236,1,16,13,1,4,0,1
7237,1,2,84,1,0,0,1
7243,1,13,13,1,4,0,1
7255,0,7,13,1,0,0,1
7267,0,17,80,0,0,0,1
7274,0,6,72,0,4,0,1
7284,1,11,48,1,3,0,1
7285,1,19,69,1,0,0,1
7286,1,7,13,0,2,0,1
7293,1,19,13,0,1,0,1
7314,1,21,31,0,1,0,1
7316,1,4,68,0,2,0,1
7321,1,20,13,0,4,0,1
7322,1,22,13,1,0,0,1
7334,0,7,13,0,0,0,1
7336,1,20,13,0,1,0,1
7342,0,14,13,0,4,0,1
7343,1,3,13,0,0,0,1
7348,0,23,65,1,5,0,1
7355,0,19,13,0,3,0,1
7359,1,22,57,0,6,0,1
7366,0,7,13,0,0,0,1
7375,1,21,13,1,0,0,1
7411,0,6,101,0,0,0,1
7421,1,22,37,1,1,0,1
7430,0,22,13,1,1,0,1
7436,1,1,13,0,0,0,1
7437,1,23,73,0,1,0,1
7444,0,1,87,0,1,0,1
7451,1,17,66,0,3,0,1
7465,0,3,114,1,2,1,0
7470,1,23,13,0,3,0,1
7475,0,7,76,1,0,0,1
7479,1,5,13,0,0,0,1
7483,0,7,13,0,0,0,1
7485,1,12,26,1,1,0,1
7489,0,7,69,1,0,0,1
7510,0,6,13,0,6,0,1
7522,1,18,94,1,0,0,1
7535,1,17,13,1,3,0,1
7541,0,7,23,1,0,0,1
7542,1,14,13,1,4,0,1
7546,1,18,13,1,0,0,1
7549,1,4,13,0,0,0,1
7557,1,22,13,0,2,0,1
7562,0,21,47,0,5,0,1
7565,1,18,13,0,0,0,1
7566,0,14,13,1,6,0,1
7584,1,15,13,0,5,0,1
7594,1,9,13,1,4,0,1
7596,1,22,35,0,4,0,1
7608,0,7,81,1,0,0,1
7610,1,23,13,1,4,0,1
7622,1,17,89,0,4,0,1
7626,0,7,12,1,0,0,1
7627,0,7,11,1,6,0,1
7634,1,5,43,1,5,0,1
7637,1,19,105,0,1,0,1
7646,0,13,33,0,4,0,1
7650,1,5,99,1,2,0,1
7654,1,14,13,1,4,0,1
7657,0,7,35,1,0,0,1
7670,0,7,13,1,0,0,1
7675,0,12,72,1,2,0,1
7681,0,7,64,1,0,0,1
7684,1,20,13,0,2,0,1
7689,1,21,13,0,0,0,1
7692,1,13,71,1,5,0,1
7698,0,7,13,0,0,0,1
7699,1,22,13,1,4,0,1
7703,0,7,13,0,0,0,1
7718,0,7,81,0,0,0,1
7723,1,5,13,1,4,0,1
7730,0,7,13,0,0,0,1
7732,1,7,13,0,6,0,1
7734,0,13,13,0,6,0,1
7735,0,7,51,0,0,0,1
7742,1,17,13,0,0,0,1
7745,1,18,86,1,6,0,1
7755,1,23,13,0,0,0,1
7762,0,11,72,0,3,0,1
7768,1,6,13,0,6,0,1
7782,1,9,73,1,4,0,1
7792,1,1,13,1,2,0,1
7793,0,21,64,0,2,0,1
7797,1,22,86,1,0,0,1
7799,0,7,95,1,0,0,1
7803,1,12,42,1,0,0,1
7807,1,19,68,0,0,0,1
7808,0,17,42,1,1,0,1
7809,1,5,66,1,3,0,1
7821,0,18,55,1,0,0,1
7827,1,18,13,1,1,0,1
7828,0,7,65,1,0,0,1
7837,1,19,13,0,0,0,1
7839,0,7,13,0,0,0,1
7845,0,7,13,1,0,0,1
7851,0,23,96,0,6,0,1
7852,1,0,13,0,0,0,1
7856,0,9,114,0,5,1,0
7861,0,7,13,0,0,0,1
7874,1,6,13,0,4,0,1
7877,0,1,13,0,5,0,1
7885,1,2,66,1,3,0,1
7886,0,8,13,0,5,0,1
7889,1,11,13,0,6,0,1
7890,0,19,13,1,1,0,1
7898,1,22,13,0,0,0,1
7901,1,22,44,0,0,0,1
7902,1,17,13,0,3,0,1
7906,0,7,13,1,0,0,1
7915,0,12,64,0,2,0,1
7918,1,5,104,1,2,0,1
7919,1,20,13,0,0,0,1
7925,0,7,13,1,0,0,1
7937,0,22,33,0,4,0,1
7938,1,3,13,0,0,0,1
7940,0,7,13,1,0,0,1
7944,0,2,112,1,0,0,1
7962,1,20,13,1,2,0,1
7969,0,7,81,1,0,0,1
7975,0,4,51,0,0,0,1
7977,0,7,13,1,0,0,1
7990,0,17,13,0,3,0,1
7991,0,7,13,0,0,0,1
8003,0,18,2,0,3,0,1
8004,0,7,73,1,0,0,1
8010,0,18,13,0,2,0,1
8016,1,9,69,0,6,0,1
8021,1,18,13,1,4,0,1
8031,0,1,13,1,0,0,1
8042,1,6,13,1,4,0,1
8054,1,22,72,1,0,0,1
8058,1,10,13,0,4,0,1
8059,1,14,13,1,3,0,1
8063,1,1,13,1,2,0,1
8064,0,21,13,0,4,0,1
8069,0,8,13,0,0,0,1
8071,1,18,13,0,0,0,1
